<?xml version="1.0" encoding="UTF-8"?>
<project-private xmlns="http://www.netbeans.org/ns/project-private/1">
    <editor-bookmarks xmlns="http://www.netbeans.org/ns/editor-bookmarks/2" lastBookmarkId="0"/>
    <open-files xmlns="http://www.netbeans.org/ns/projectui-open-files/2">
        <group>
            <file>file:/C:/Users/Andres/workspace/DAW-Y2/Programación/Tema5.-Desarrollo_de_clases_Parte_2/PCola_Concierto/src/pcola_concierto/models/Persona.java</file>
            <file>file:/C:/Users/Andres/workspace/DAW-Y2/Programación/Tema5.-Desarrollo_de_clases_Parte_2/PCola_Concierto/src/Utils/Utils.java</file>
            <file>file:/C:/Users/Andres/workspace/DAW-Y2/Programación/Tema5.-Desarrollo_de_clases_Parte_2/PCola_Concierto/src/pcola_concierto/models/Cola.java</file>
            <file>file:/C:/Users/Andres/workspace/DAW-Y2/Programación/Tema5.-Desarrollo_de_clases_Parte_2/PCola_Concierto/src/pcola_concierto/Main.java</file>
        </group>
    </open-files>
</project-private>
