<?xml version="1.0" encoding="UTF-8"?>
<project-private xmlns="http://www.netbeans.org/ns/project-private/1">
    <editor-bookmarks xmlns="http://www.netbeans.org/ns/editor-bookmarks/2" lastBookmarkId="0"/>
    <open-files xmlns="http://www.netbeans.org/ns/projectui-open-files/2">
        <group>
            <file>file:/C:/Users/usuario/workspace/Andrés/DAW-Y2/Programación/Tema6.-Utilizacion_Avanzada_de_Clases/PHerencia_Composicion2/src/models/Factura.java</file>
            <file>file:/C:/Users/usuario/workspace/Andrés/DAW-Y2/Programación/Tema6.-Utilizacion_Avanzada_de_Clases/PHerencia_Composicion2/src/models/Equipo.java</file>
            <file>file:/C:/Users/usuario/workspace/Andrés/DAW-Y2/Programación/Tema6.-Utilizacion_Avanzada_de_Clases/PHerencia_Composicion2/src/models/Aparato.java</file>
            <file>file:/C:/Users/usuario/workspace/Andrés/DAW-Y2/Programación/Tema6.-Utilizacion_Avanzada_de_Clases/PHerencia_Composicion2/src/models/Tv.java</file>
        </group>
    </open-files>
</project-private>
