<?xml version="1.0" encoding="UTF-8"?>
<project-private xmlns="http://www.netbeans.org/ns/project-private/1">
    <editor-bookmarks xmlns="http://www.netbeans.org/ns/editor-bookmarks/2" lastBookmarkId="0"/>
    <open-files xmlns="http://www.netbeans.org/ns/projectui-open-files/2">
        <group>
            <file>file:/C:/Users/usuario/workspace/DAW-Y2/Programación/1º-Examen-1º-Evaluacion/Examen/src/examen/Calculadora.java</file>
            <file>file:/C:/Users/usuario/workspace/DAW-Y2/Programación/1º-Examen-1º-Evaluacion/Examen/src/examen/CambioDeBase.java</file>
            <file>file:/C:/Users/usuario/workspace/DAW-Y2/Programación/1º-Examen-1º-Evaluacion/Examen/src/examen/ComprobarCorreo.java</file>
            <file>file:/C:/Users/usuario/workspace/DAW-Y2/Programación/1º-Examen-1º-Evaluacion/Examen/src/examen/Examen.java</file>
        </group>
    </open-files>
</project-private>
