<?xml version="1.0" encoding="UTF-8"?>
<project-private xmlns="http://www.netbeans.org/ns/project-private/1">
    <editor-bookmarks xmlns="http://www.netbeans.org/ns/editor-bookmarks/2" lastBookmarkId="0"/>
    <open-files xmlns="http://www.netbeans.org/ns/projectui-open-files/2">
        <group>
            <file>file:/C:/Users/usuario/workspace/DAW-Y2/Programación/Tema4.-Estructuras_Control_con_Métodos/PRelacion1_Estructuras_Control_Metodos/src/prelacion1_estructuras_control_metodos/minumero.java</file>
            <file>file:/C:/Users/usuario/workspace/DAW-Y2/Programación/Tema4.-Estructuras_Control_con_Métodos/PRelacion1_Estructuras_Control_Metodos/src/prelacion1_estructuras_control_metodos/Main.java</file>
            <file>file:/C:/Users/usuario/workspace/DAW-Y2/Programación/Tema4.-Estructuras_Control_con_Métodos/PRelacion1_Estructuras_Control_Metodos/src/prelacion1_estructuras_control_metodos/test.java</file>
        </group>
    </open-files>
</project-private>
