<?xml version="1.0" encoding="UTF-8"?>
<project-private xmlns="http://www.netbeans.org/ns/project-private/1">
    <editor-bookmarks xmlns="http://www.netbeans.org/ns/editor-bookmarks/2" lastBookmarkId="0"/>
    <open-files xmlns="http://www.netbeans.org/ns/projectui-open-files/2">
        <group>
            <file>file:/C:/Users/usuario/workspace/DAW-Y2/Programación/Tema%202.-%20Introducción%20al%20lenguaje%20java/Nueva%20carpeta/PRelacion1_Actividades_Tema2/src/prelacion1_actividades_tema2/Ejercicio1.java</file>
            <file>file:/C:/Users/usuario/workspace/DAW-Y2/Programación/Tema%202.-%20Introducción%20al%20lenguaje%20java/Nueva%20carpeta/PRelacion1_Actividades_Tema2/src/prelacion1_actividades_tema2/utils.java</file>
            <file>file:/C:/Users/usuario/workspace/DAW-Y2/Programación/Tema%202.-%20Introducción%20al%20lenguaje%20java/Nueva%20carpeta/PRelacion1_Actividades_Tema2/src/prelacion1_actividades_tema2/Ejercicio2.java</file>
            <file>file:/C:/Users/usuario/workspace/DAW-Y2/Programación/Tema%202.-%20Introducción%20al%20lenguaje%20java/Nueva%20carpeta/PRelacion1_Actividades_Tema2/src/prelacion1_actividades_tema2/Ejercicio6.java</file>
            <file>file:/C:/Users/usuario/workspace/DAW-Y2/Programación/Tema%202.-%20Introducción%20al%20lenguaje%20java/Nueva%20carpeta/PRelacion1_Actividades_Tema2/src/prelacion1_actividades_tema2/Ejercicio7.java</file>
            <file>file:/C:/Users/usuario/workspace/DAW-Y2/Programación/Tema%202.-%20Introducción%20al%20lenguaje%20java/Nueva%20carpeta/PRelacion1_Actividades_Tema2/src/prelacion1_actividades_tema2/Ejercicio4.java</file>
            <file>file:/C:/Users/usuario/workspace/DAW-Y2/Programación/Tema%202.-%20Introducción%20al%20lenguaje%20java/Nueva%20carpeta/PRelacion1_Actividades_Tema2/src/prelacion1_actividades_tema2/Main.java</file>
        </group>
    </open-files>
</project-private>
