<?xml version="1.0" encoding="UTF-8"?>
<project-private xmlns="http://www.netbeans.org/ns/project-private/1">
    <editor-bookmarks xmlns="http://www.netbeans.org/ns/editor-bookmarks/2" lastBookmarkId="0"/>
    <open-files xmlns="http://www.netbeans.org/ns/projectui-open-files/2">
        <group>
            <file>file:/C:/Users/Andres/workspace/DAW-Y2/Programación/Tema3.-Estructuras_de_control/Bucles/Ejercicios/PRelacion2_NumeroAleatorios/src/prelacion2_numeroaleatorios/Ejercicio13.java</file>
            <file>file:/C:/Users/Andres/workspace/DAW-Y2/Programación/Tema3.-Estructuras_de_control/Bucles/Ejercicios/PRelacion2_NumeroAleatorios/src/prelacion2_numeroaleatorios/Ejercicio9.java</file>
            <file>file:/C:/Users/Andres/workspace/DAW-Y2/Programación/Tema3.-Estructuras_de_control/Bucles/Ejercicios/PRelacion2_NumeroAleatorios/src/prelacion2_numeroaleatorios/Ejercicio10.java</file>
            <file>file:/C:/Users/Andres/workspace/DAW-Y2/Programación/Tema3.-Estructuras_de_control/Bucles/Ejercicios/PRelacion2_NumeroAleatorios/src/prelacion2_numeroaleatorios/Ejercicio14.java</file>
            <file>file:/C:/Users/Andres/workspace/DAW-Y2/Programación/Tema3.-Estructuras_de_control/Bucles/Ejercicios/PRelacion2_NumeroAleatorios/src/prelacion2_numeroaleatorios/Main.java</file>
        </group>
    </open-files>
</project-private>
