<?xml version="1.0" encoding="UTF-8"?>
<project-private xmlns="http://www.netbeans.org/ns/project-private/1">
    <editor-bookmarks xmlns="http://www.netbeans.org/ns/editor-bookmarks/2" lastBookmarkId="0"/>
    <open-files xmlns="http://www.netbeans.org/ns/projectui-open-files/2">
        <group>
            <file>file:/C:/Users/usuario/workspace/DAW-Y2/Programación/Tema4.-Estructuras_Control_con_Métodos/PRelacion2_POO/src/prelacion2_poo/MilesConverter.java</file>
            <file>file:/C:/Users/usuario/workspace/DAW-Y2/Programación/Tema4.-Estructuras_Control_con_Métodos/PRelacion2_POO/src/prelacion2_poo/Coche.java</file>
            <file>file:/C:/Users/usuario/workspace/DAW-Y2/Programación/Tema4.-Estructuras_Control_con_Métodos/PRelacion2_POO/src/prelacion2_poo/Main.java</file>
            <file>file:/C:/Users/usuario/workspace/DAW-Y2/Programación/Tema4.-Estructuras_Control_con_Métodos/PRelacion2_POO/src/prelacion2_poo/Numero.java</file>
        </group>
    </open-files>
</project-private>
